등록일시,대여건수
2021-07-01,"138,855"
2021-07-02,"137,755"
2021-07-03,"51,624"
2021-07-04,"34,280"
2021-07-05,"137,012"
2021-07-06,"141,676"
2021-07-07,"120,685"
2021-07-08,"120,509"
2021-07-09,"133,467"
2021-07-10,"108,159"
2021-07-11,"83,832"
2021-07-12,"127,772"
2021-07-13,"127,633"
2021-07-14,"122,931"
2021-07-15,"103,482"
2021-07-16,"104,228"
2021-07-17,"104,910"
2021-07-18,"93,806"
2021-07-19,"95,132"
2021-07-20,"120,043"
2021-07-21,"117,569"
2021-07-22,"114,672"
2021-07-23,"113,117"
2021-07-24,"91,773"
2021-07-25,"80,957"
2021-07-26,"113,912"
2021-07-27,"113,813"
2021-07-28,"108,399"
2021-07-29,"111,818"
2021-07-30,"113,329"
2021-07-31,"90,356"
2021-08-01,"41,845"
2021-08-02,"99,544"
2021-08-03,"117,242"
2021-08-04,"117,405"
2021-08-05,"118,205"
2021-08-06,"117,103"
2021-08-07,"109,849"
2021-08-08,"74,145"
2021-08-09,"126,850"
2021-08-10,"130,505"
2021-08-11,"126,807"
2021-08-12,"105,295"
2021-08-13,"133,625"
2021-08-14,"126,122"
2021-08-15,"117,873"
2021-08-16,"114,058"
2021-08-17,"82,028"
2021-08-18,"118,076"
2021-08-19,"143,490"
2021-08-20,"137,294"
2021-08-21,"40,149"
2021-08-22,"119,042"
2021-08-23,"46,686"
2021-08-24,"40,740"
2021-08-25,"119,576"
2021-08-26,"120,865"
2021-08-27,"84,328"
2021-08-28,"132,238"
2021-08-29,"119,703"
2021-08-30,"140,368"
2021-08-31,"24,918"
2021-09-01,"120,894"
2021-09-02,"138,015"
2021-09-03,"152,417"
2021-09-04,"147,188"
2021-09-05,"137,477"
2021-09-06,"73,466"
2021-09-07,"14,591"
2021-09-08,"138,853"
2021-09-09,"144,735"
2021-09-10,"140,589"
2021-09-11,"135,402"
2021-09-12,"127,028"
2021-09-13,"141,744"
2021-09-14,"143,589"
2021-09-15,"145,669"
2021-09-16,"145,375"
2021-09-17,"149,248"
2021-09-18,"128,566"
2021-09-19,"112,630"
2021-09-20,"104,603"
2021-09-21,"77,695"
2021-09-22,"116,915"
2021-09-23,"145,809"
2021-09-24,"151,973"
2021-09-25,"143,617"
2021-09-26,"139,182"
2021-09-27,"126,623"
2021-09-28,"89,055"
2021-09-29,"57,781"
2021-09-30,"145,928"
2021-10-01,"138,491"
2021-10-02,"136,182"
2021-10-03,"135,425"
2021-10-04,"75,930"
2021-10-05,"119,181"
2021-10-06,"79,697"
2021-10-07,"116,818"
2021-10-08,"70,341"
2021-10-09,"122,751"
2021-10-10,"36,212"
2021-10-11,"122,066"
2021-10-12,"136,913"
2021-10-13,"146,363"
2021-10-14,"145,060"
2021-10-15,"128,018"
2021-10-16,"83,290"
2021-10-17,"69,495"
2021-10-18,"89,456"
2021-10-19,"105,129"
2021-10-20,"116,327"
2021-10-21,"116,401"
2021-10-22,"121,592"
2021-10-23,"107,272"
2021-10-24,"99,056"
2021-10-25,"116,265"
2021-10-26,"125,167"
2021-10-27,"123,048"
2021-10-28,"126,416"
2021-10-29,"129,282"
2021-10-30,"111,853"
2021-10-31,"96,432"
2021-11-01,"119,911"
2021-11-02,"128,186"
2021-11-03,"129,594"
2021-11-04,"123,993"
2021-11-05,"130,048"
2021-11-06,"118,833"
2021-11-07,"111,896"
2021-11-08,"18,569"
2021-11-09,"38,917"
2021-11-10,"82,413"
2021-11-11,"93,961"
2021-11-12,"93,366"
2021-11-13,"89,598"
2021-11-14,"88,655"
2021-11-15,"107,707"
2021-11-16,"108,002"
2021-11-17,"108,450"
2021-11-18,"105,793"
2021-11-19,"113,731"
2021-11-20,"87,061"
2021-11-21,"65,968"
2021-11-22,"72,570"
2021-11-23,"73,003"
2021-11-24,"87,852"
2021-11-25,"91,716"
2021-11-26,"85,807"
2021-11-27,"71,353"
2021-11-28,"66,888"
2021-11-29,"94,863"
2021-11-30,"28,587"
2021-12-01,"62,785"
2021-12-02,"65,547"
2021-12-03,"70,087"
2021-12-04,"59,475"
2021-12-05,"58,055"
2021-12-06,"84,020"
2021-12-07,"89,379"
2021-12-08,"90,993"
2021-12-09,"88,633"
2021-12-10,"73,232"
2021-12-11,"69,787"
2021-12-12,"46,233"
2021-12-13,"62,218"
2021-12-14,"56,280"
2021-12-15,"67,884"
2021-12-16,"80,657"
2021-12-17,"48,342"
2021-12-18,"23,784"
2021-12-19,"19,804"
2021-12-20,"63,330"
2021-12-21,"71,556"
2021-12-22,"73,644"
2021-12-23,"75,058"
2021-12-24,"55,216"
2021-12-25,"18,859"
2021-12-26,"16,485"
2021-12-27,"42,521"
2021-12-28,"51,268"
2021-12-29,"52,017"
2021-12-30,"48,993"
2021-12-31,"40,604"
2021-02-01,"41,152"
2021-02-02,"31,136"
2021-02-03,"31,016"
2021-02-04,"20,201"
2021-02-05,"37,675"
2021-02-06,"41,507"
2021-02-07,"35,676"
2021-02-08,"34,253"
2021-02-09,"41,159"
2021-02-10,"46,659"
2021-02-11,"37,794"
2021-02-12,"38,251"
2021-02-13,"51,329"
2021-02-14,"44,734"
2021-02-15,"32,504"
2021-02-16,"23,008"
2021-02-17,"23,281"
2021-02-18,"30,267"
2021-02-19,"45,223"
2021-02-20,"60,703"
2021-02-21,"71,467"
2021-02-22,"54,943"
2021-02-23,"45,246"
2021-02-24,"54,470"
2021-02-25,"53,694"
2021-02-26,"67,686"
2021-02-27,"76,214"
2021-02-28,"63,298"
2021-03-01,"2,966"
2021-03-02,"51,013"
2021-03-03,"62,386"
2021-03-04,"66,283"
2021-03-05,"76,821"
2021-03-06,"61,833"
2021-03-07,"72,037"
2021-03-08,"71,470"
2021-03-09,"72,364"
2021-03-10,"77,153"
2021-03-11,"74,080"
2021-03-12,"67,097"
2021-03-13,"79,057"
2021-03-14,"72,694"
2021-03-15,"73,254"
2021-03-16,"71,318"
2021-03-17,"82,757"
2021-03-18,"85,416"
2021-03-19,"98,932"
2021-03-20,"25,486"
2021-03-21,"55,103"
2021-03-22,"75,928"
2021-03-23,"85,788"
2021-03-24,"91,845"
2021-03-25,"94,209"
2021-03-26,"97,153"
2021-03-27,"20,331"
2021-03-28,"32,571"
2021-03-29,"74,935"
2021-03-30,"98,689"
2021-03-31,"113,259"
2021-04-01,"116,640"
2021-04-02,"110,607"
2021-04-03,"14,026"
2021-04-04,"94,160"
2021-04-05,"110,533"
2021-04-06,"114,292"
2021-04-07,"114,207"
2021-04-08,"105,191"
2021-04-09,"113,974"
2021-04-10,"110,980"
2021-04-11,"113,592"
2021-04-12,"28,992"
2021-04-13,"84,172"
2021-04-14,"98,226"
2021-04-15,"108,960"
2021-04-16,"82,177"
2021-04-17,"71,082"
2021-04-18,"100,004"
2021-04-19,"108,598"
2021-04-20,"113,785"
2021-04-21,"119,380"
2021-04-22,"116,722"
2021-04-23,"116,476"
2021-04-24,"118,773"
2021-04-25,"127,151"
2021-04-26,"122,090"
2021-04-27,"103,959"
2021-04-28,"115,380"
2021-04-29,"105,944"
2021-04-30,"83,165"
2021-05-01,"41,123"
2021-05-02,"115,492"
2021-05-03,"122,393"
2021-05-04,"24,069"
2021-05-05,"125,213"
2021-05-06,"121,660"
2021-05-07,"88,097"
2021-05-08,"73,912"
2021-05-09,"114,851"
2021-05-10,"93,814"
2021-05-11,"130,314"
2021-05-12,"130,245"
2021-05-13,"128,298"
2021-05-14,"128,239"
2021-05-15,"36,082"
2021-05-16,"2,514"
2021-05-17,"60,065"
2021-05-18,"127,759"
2021-05-19,"133,864"
2021-05-20,"67,451"
2021-05-21,"78,809"
2021-05-22,"128,763"
2021-05-23,"115,588"
2021-05-24,"122,961"
2021-05-25,"93,453"
2021-05-26,"120,987"
2021-05-27,"74,271"
2021-05-28,"78,928"
2021-05-29,"63,064"
2021-05-30,"92,536"
2021-05-31,"115,335"
2021-06-01,"110,305"
2021-06-02,"130,227"
2021-06-03,"41,123"
2021-06-04,"131,838"
2021-06-05,"127,568"
2021-06-06,"116,208"
2021-06-07,"121,944"
2021-06-08,"129,558"
2021-06-09,"126,823"
2021-06-10,"82,549"
2021-06-11,"120,869"
2021-06-12,"116,059"
2021-06-13,"103,603"
2021-06-14,"128,217"
2021-06-15,"97,851"
2021-06-16,"139,346"
2021-06-17,"115,752"
2021-06-18,"78,992"
2021-06-19,"122,359"
2021-06-20,"114,793"
2021-06-21,"138,150"
2021-06-22,"124,808"
2021-06-23,"126,714"
2021-06-24,"134,714"
2021-06-25,"140,870"
2021-06-26,"105,813"
2021-06-27,"92,869"
2021-06-28,"106,378"
2021-06-29,"111,907"
2021-06-30,"122,200"
2020-07-01,"105,196"
2020-07-02,"107,842"
2020-07-03,"102,753"
2020-07-04,"98,488"
2020-07-05,"104,664"
2020-07-06,"106,825"
2020-07-07,"91,407"
2020-07-08,"105,876"
2020-07-09,"102,828"
2020-07-10,"90,880"
2020-07-11,"103,657"
2020-07-12,"57,367"
2020-07-13,"4,859"
2020-07-14,"85,486"
2020-07-15,"106,949"
2020-07-16,"102,741"
2020-07-17,"99,949"
2020-07-18,"98,309"
2020-07-19,"60,804"
2020-07-20,"72,291"
2020-07-21,"100,825"
2020-07-22,"46,448"
2020-07-23,"10,739"
2020-07-24,"76,995"
2020-07-25,"102,498"
2020-07-26,"94,802"
2020-07-27,"52,922"
2020-07-28,"68,214"
2020-07-29,"31,724"
2020-07-30,"92,468"
2020-07-31,"95,705"
2020-08-01,"34,998"
2020-08-02,"11,491"
2020-08-03,"17,575"
2020-08-04,"49,378"
2020-08-05,"28,751"
2020-08-06,"51,456"
2020-08-07,"78,071"
2020-08-08,"40,020"
2020-08-09,"12,384"
2020-08-10,"23,519"
2020-08-11,"50,974"
2020-08-12,"78,261"
2020-08-13,"79,353"
2020-08-14,"72,875"
2020-08-15,"26,267"
2020-08-16,"66,011"
2020-08-17,"73,368"
2020-08-18,"82,202"
2020-08-19,"84,665"
2020-08-20,"85,420"
2020-08-21,"78,701"
2020-08-22,"40,126"
2020-08-23,"80,594"
2020-08-24,"90,297"
2020-08-25,"87,894"
2020-08-26,"40,169"
2020-08-27,"32,745"
2020-08-28,"62,045"
2020-08-29,"33,797"
2020-08-30,"52,904"
2020-08-31,"87,662"
2020-09-01,"87,892"
2020-09-02,"13,744"
2020-09-03,"71,524"
2020-09-04,"115,059"
2020-09-05,"113,253"
2020-09-06,"54,125"
2020-09-07,"3,144"
2020-09-08,"104,606"
2020-09-09,"75,412"
2020-09-10,"107,150"
2020-09-11,"61,474"
2020-09-12,"44,703"
2020-09-13,"118,921"
2020-09-14,"106,465"
2020-09-15,"111,912"
2020-09-16,"88,745"
2020-09-17,"110,088"
2020-09-18,"118,363"
2020-09-19,"117,633"
2020-09-20,"110,798"
2020-09-21,"108,369"
2020-09-22,"112,619"
2020-09-23,"111,343"
2020-09-24,"111,994"
2020-09-25,"114,720"
2020-09-26,"115,111"
2020-09-27,"109,610"
2020-09-28,"107,714"
2020-09-29,"113,823"
2020-09-30,"71,676"
2020-10-01,"82,099"
2020-10-02,"75,275"
2020-10-03,"97,726"
2020-10-04,"86,091"
2020-10-05,"93,156"
2020-10-06,"100,369"
2020-10-07,"103,348"
2020-10-08,"105,509"
2020-10-09,"104,087"
2020-10-10,"104,678"
2020-10-11,"95,405"
2020-10-12,"97,721"
2020-10-13,"97,160"
2020-10-14,"92,998"
2020-10-15,"92,555"
2020-10-16,"92,609"
2020-10-17,"94,840"
2020-10-18,"89,401"
2020-10-19,"95,110"
2020-10-20,"98,577"
2020-10-21,"96,566"
2020-10-22,"92,100"
2020-10-23,"84,672"
2020-10-24,"77,452"
2020-10-25,"80,497"
2020-10-26,"92,374"
2020-10-27,"95,411"
2020-10-28,"95,033"
2020-10-29,"92,267"
2020-10-30,"97,088"
2020-10-31,"89,444"
2020-11-01,"32,925"
2020-11-02,"86,705"
2020-11-03,"69,439"
2020-11-04,"74,159"
2020-11-05,"85,090"
2020-11-06,"91,815"
2020-11-07,"84,151"
2020-11-08,"62,244"
2020-11-09,"73,482"
2020-11-10,"81,965"
2020-11-11,"86,595"
2020-11-12,"88,193"
2020-11-13,"90,754"
2020-11-14,"81,553"
2020-11-15,"69,098"
2020-11-16,"87,583"
2020-11-17,"81,258"
2020-11-18,"44,452"
2020-11-19,"34,590"
2020-11-20,"60,332"
2020-11-21,"60,290"
2020-11-22,"34,828"
2020-11-23,"58,766"
2020-11-24,"61,865"
2020-11-25,"64,921"
2020-11-26,"64,297"
2020-11-27,"58,092"
2020-11-28,"38,492"
2020-11-29,"32,211"
2020-11-30,"49,925"
2020-12-01,"53,885"
2020-12-02,"55,611"
2020-12-03,"51,533"
2020-12-04,"50,915"
2020-12-05,"42,953"
2020-12-06,"40,616"
2020-12-07,"49,809"
2020-12-08,"47,614"
2020-12-09,"50,476"
2020-12-10,"53,421"
2020-12-11,"53,536"
2020-12-12,"42,146"
2020-12-13,"14,362"
2020-12-14,"28,030"
2020-12-15,"28,028"
2020-12-16,"27,678"
2020-12-17,"32,315"
2020-12-18,"30,195"
2020-12-19,"24,130"
2020-12-20,"23,442"
2020-12-21,"37,286"
2020-12-22,"42,486"
2020-12-23,"42,218"
2020-12-24,"41,102"
2020-12-25,"28,600"
2020-12-26,"37,137"
2020-12-27,"37,103"
2020-12-28,"46,912"
2020-12-29,"35,747"
2020-12-30,"22,488"
2020-12-31,"24,535"
2021-01-01,"22,274"
2021-01-02,"23,631"
2021-01-03,"21,809"
2021-01-04,"32,957"
2021-01-05,"29,033"
2021-01-06,"22,261"
2021-01-07,"5,549"
2021-01-08,"8,029"
2021-01-09,"9,082"
2021-01-10,"11,116"
2021-01-11,"19,525"
2021-01-12,"12,827"
2021-01-13,"19,780"
2021-01-14,"32,603"
2021-01-15,"32,429"
2021-01-16,"22,524"
2021-01-17,"18,081"
2021-01-18,"18,110"
2021-01-19,"26,940"
2021-01-20,"36,983"
2021-01-21,"17,451"
2021-01-22,"34,963"
2021-01-23,"43,368"
2021-01-24,"50,024"
2021-01-25,"54,669"
2021-01-26,"26,272"
2021-01-27,"45,639"
2021-01-28,"22,745"
2021-01-29,"24,435"
2021-01-30,"28,379"
2021-01-31,"38,533"
2020-06-01,"99,930"
2020-06-02,"79,833"
2020-06-03,"103,887"
2020-06-04,"97,656"
2020-06-05,"107,343"
2020-06-06,"105,033"
2020-06-07,"101,848"
2020-06-08,"103,582"
2020-06-09,"102,084"
2020-06-10,"58,133"
2020-06-11,"100,031"
2020-06-12,"109,210"
2020-06-13,"90,396"
2020-06-14,"94,406"
2020-06-15,"108,320"
2020-06-16,"106,519"
2020-06-17,"107,723"
2020-06-18,"110,377"
2020-06-19,"109,124"
2020-06-20,"102,333"
2020-06-21,"95,453"
2020-06-22,"98,394"
2020-06-23,"103,214"
2020-06-24,"19,756"
2020-06-25,"46,415"
2020-06-26,"96,150"
2020-06-27,"107,001"
2020-06-28,"98,568"
2020-06-29,"70,053"
2020-06-30,"38,086"
2019-06-01,79878
2019-06-02,77091
2019-06-03,82911
2019-06-04,83576
2019-06-05,81515
2019-06-06,36945
2019-06-07,54701
2019-06-08,83736
2019-06-09,60371
2019-06-10,63032
2019-06-11,85776
2019-06-12,83506
2019-06-13,81540
2019-06-14,85533
2019-06-15,71883
2019-06-16,81803
2019-06-17,86987
2019-06-18,42393
2019-06-19,79958
2019-06-20,88226
2019-06-21,81089
2019-06-22,85728
2019-06-23,79269
2019-06-24,88432
2019-06-25,88096
2019-06-26,81274
2019-06-27,79234
2019-06-28,77056
2019-06-29,67346
2019-06-30,74994
2019-07-01,92814
2019-07-02,94783
2019-07-03,94773
2019-07-04,90397
2019-07-05,83994
2019-07-06,70246
2019-07-07,75116
2019-07-08,93609
2019-07-09,95859
2019-07-10,43842
2019-07-11,65003
2019-07-12,94473
2019-07-13,81067
2019-07-14,74259
2019-07-15,57917
2019-07-16,82285
2019-07-17,84261
2019-07-18,81613
2019-07-19,77449
2019-07-20,56648
2019-07-21,46130
2019-07-22,82781
2019-07-23,83206
2019-07-24,59020
2019-07-25,34778
2019-07-26,22789
2019-07-27,50955
2019-07-28,23342
2019-07-29,74046
2019-07-30,69757
2019-07-31,26874
2019-08-01,59803
2019-08-02,67510
2019-08-03,49047
2019-08-04,46477
2019-08-05,65085
2019-08-06,66703
2019-08-07,50804
2019-08-08,69748
2019-08-09,67491
2019-08-10,54162
2019-08-11,43351
2019-08-12,24386
2019-08-13,63749
2019-08-14,65452
2019-08-15,32229
2019-08-16,71161
2019-08-17,72259
2019-08-18,72588
2019-08-19,81832
2019-08-20,82116
2019-08-21,56957
2019-08-22,82232
2019-08-23,86624
2019-08-24,85630
2019-08-25,81028
2019-08-26,87770
2019-08-27,83107
2019-08-28,88718
2019-08-29,65708
2019-08-30,86733
2019-08-31,90724
2019-09-01,89191
2019-09-02,92510
2019-09-03,74801
2019-09-04,27168
2019-09-05,33929
2019-09-06,16631
2019-09-08,52055
2019-09-09,68370
2019-09-10,18265
2019-09-11,75328
2019-09-12,32059
2019-09-13,57065
2019-09-14,48756
2019-09-15,82678
2019-09-16,89807
2019-09-17,92153
2019-09-18,92045
2019-09-19,91554
2019-09-20,94246
2019-09-21,86676
2019-09-22,41173
2019-09-23,92006
2019-09-24,93546
2019-09-25,92665
2019-09-26,92247
2019-09-27,93345
2019-09-28,89550
2019-09-29,86133
2019-09-30,88270
2019-10-01,88575
2019-10-02,27368
2019-10-03,75438
2019-10-04,94912
2019-10-05,83020
2019-10-06,82855
2019-10-07,21875
2019-10-08,81524
2019-10-09,85638
2019-10-10,81742
2019-10-11,92155
2019-10-12,84843
2019-10-13,84368
2019-10-14,79509
2019-10-15,85516
2019-10-16,84549
2019-10-17,85596
2019-10-18,89551
2019-10-19,87553
2019-10-20,79300
2019-10-21,84488
2019-10-22,88478
2019-10-23,87991
2019-10-24,89520
2019-10-25,84617
2019-10-26,67578
2019-10-27,65774
2019-10-28,67175
2019-10-29,71135
2019-10-30,76898
2019-10-31,76860
2019-11-01,77604
2019-11-02,68223
2019-11-03,67452
2019-11-04,78874
2019-11-05,78675
2019-11-06,74812
2019-11-07,68315
2019-11-08,65110
2019-11-09,60693
2019-11-10,40503
2019-11-11,58957
2019-11-12,68210
2019-11-13,39198
2019-11-14,45095
2019-11-15,15069
2019-11-16,45493
2019-11-17,11303
2019-11-18,37496
2019-11-19,40356
2019-11-20,42026
2019-11-21,47091
2019-11-22,56700
2019-11-23,54283
2019-11-24,24304
2019-11-25,42677
2019-11-26,52464
2019-11-27,46248
2019-11-28,46983
2019-11-29,44689
2019-11-30,38366
2019-12-01,"9,680"
2019-12-02,"34,397"
2019-12-03,"33,580"
2019-12-04,"38,576"
2019-12-05,"29,277"
2019-12-06,"26,723"
2019-12-07,"23,013"
2019-12-08,"22,597"
2019-12-09,"34,140"
2019-12-10,"33,275"
2019-12-11,"34,049"
2019-12-12,"33,704"
2019-12-13,"34,258"
2019-12-14,"27,424"
2019-12-15,"29,692"
2019-12-16,"41,750"
2019-12-17,"25,644"
2019-12-18,"34,899"
2019-12-19,"32,972"
2019-12-20,"32,521"
2019-12-21,"20,302"
2019-12-22,"24,430"
2019-12-23,"29,028"
2019-12-24,"33,334"
2019-12-25,"22,428"
2019-12-26,"25,007"
2019-12-27,"29,243"
2019-12-28,"26,046"
2019-12-29,"18,701"
2019-12-30,"22,952"
2019-12-31,"18,436"
2019-07-05,"83,994"
2019-07-06,"70,246"
2019-07-07,"75,116"
2019-07-08,"93,609"
2019-07-09,"95,859"
2019-07-10,"43,842"
2019-07-11,"65,003"
2019-07-12,"94,473"
2019-07-13,"81,067"
2019-07-14,"74,259"
2019-07-15,"57,917"
2019-07-16,"82,285"
2019-07-17,"84,261"
2019-07-18,"81,613"
2019-07-19,"77,449"
2019-07-20,"56,648"
2019-07-21,"46,130"
2019-07-22,"82,781"
2019-07-23,"83,206"
2019-07-24,"59,020"
2019-07-25,"34,778"
2019-07-26,"22,789"
2019-07-27,"50,955"
2019-07-28,"23,342"
2019-07-29,"74,046"
2019-07-30,"69,757"
2019-07-31,"26,874"
2019-08-01,"59,803"
2019-08-02,"67,510"
2019-08-03,"49,047"
2019-08-04,"46,477"
2019-08-05,"65,085"
2019-08-06,"66,703"
2019-08-07,"50,804"
2019-08-08,"69,748"
2019-08-09,"67,491"
2019-08-10,"54,162"
2019-08-11,"43,351"
2019-08-12,"24,386"
2019-08-13,"63,749"
2019-08-14,"65,452"
2019-08-15,"32,229"
2019-08-16,"71,161"
2019-08-17,"72,259"
2019-08-18,"72,588"
2019-08-19,"81,832"
2019-08-20,"82,116"
2019-08-21,"56,957"
2019-08-22,"82,232"
2019-08-23,"86,624"
2019-08-24,"85,630"
2019-08-25,"81,028"
2019-08-26,"87,770"
2019-08-27,"83,107"
2019-08-28,"88,718"
2019-08-29,"65,708"
2019-08-30,"86,733"
2019-08-31,"90,724"
2019-09-01,"89,191"
2019-09-02,"92,510"
2019-09-03,"74,801"
2019-09-04,"27,168"
2019-09-05,"33,929"
2019-09-06,"16,631"
2019-09-08,"52,055"
2019-09-09,"68,370"
2019-09-10,"18,265"
2019-09-11,"75,328"
2019-09-12,"32,059"
2019-09-13,"57,065"
2019-09-14,"48,756"
2019-09-15,"82,678"
2019-09-16,"89,807"
2019-09-17,"92,153"
2019-09-18,"92,045"
2019-09-19,"91,554"
2019-09-20,"94,246"
2019-09-21,"86,676"
2019-09-22,"41,173"
2019-09-23,"92,006"
2019-09-24,"93,546"
2019-09-25,"92,665"
2019-09-26,"92,247"
2019-09-27,"93,345"
2019-09-28,"89,550"
2019-09-29,"86,133"
2019-09-30,"88,270"
2019-10-01,"88,575"
2019-10-02,"27,368"
2019-10-03,"75,438"
2019-10-04,"94,912"
2019-10-05,"83,020"
2019-10-06,"82,855"
2019-10-07,"21,875"
2019-10-08,"81,524"
2019-10-09,"85,638"
2019-10-10,"81,742"
2019-10-11,"92,155"
2019-10-12,"84,843"
2019-10-13,"84,368"
2019-10-14,"79,509"
2019-10-15,"85,516"
2019-10-16,"84,549"
2019-10-17,"85,596"
2019-10-18,"89,551"
2019-10-19,"87,553"
2019-10-20,"79,300"
2019-10-21,"84,488"
2019-10-22,"88,478"
2019-10-23,"87,991"
2019-10-24,"89,520"
2019-10-25,"84,617"
2019-10-26,"67,578"
2019-10-27,"65,774"
2019-10-28,"67,175"
2019-10-29,"71,135"
2019-10-30,"76,898"
2019-10-31,"76,860"
2019-11-01,"77,604"
2019-11-02,"68,223"
2019-11-03,"67,452"
2019-11-04,"78,874"
2019-11-05,"78,675"
2019-11-06,"74,812"
2019-11-07,"68,315"
2019-11-08,"65,110"
2019-11-09,"60,693"
2019-11-10,"40,503"
2019-11-11,"58,957"
2019-11-12,"68,210"
2019-11-13,"39,198"
2019-11-14,"45,095"
2019-11-15,"15,069"
2019-11-16,"45,493"
2019-11-17,"11,303"
2019-11-18,"37,496"
2019-11-19,"40,356"
2019-11-20,"42,026"
2019-11-21,"47,091"
2019-11-22,"56,700"
2019-11-23,"54,283"
2019-11-24,"24,304"
2019-11-25,"42,677"
2019-11-26,"52,464"
2019-11-27,"46,248"
2019-11-28,"46,983"
2019-11-29,"44,689"
2019-11-30,"38,366"
2020-01-01,"16,236"
2020-01-02,"28,890"
2020-01-03,"30,809"
2020-01-04,"25,709"
2020-01-05,"23,206"
2020-01-06,"15,381"
2020-01-07,"1,920"
2020-01-08,"21,522"
2020-01-09,"28,711"
2020-01-10,"29,395"
2020-01-11,"23,246"
2020-01-12,"19,842"
2020-01-13,"26,786"
2020-01-14,"28,435"
2020-01-15,"28,391"
2020-01-16,"29,026"
2020-01-17,"29,626"
2020-01-18,"24,635"
2020-01-19,"17,682"
2020-01-20,"28,611"
2020-01-21,"30,618"
2020-01-22,"33,011"
2020-01-23,"34,466"
2020-01-24,"19,230"
2020-01-25,"15,233"
2020-01-26,"22,685"
2020-01-27,"16,836"
2020-01-28,"32,098"
2020-01-29,"37,990"
2020-01-30,"38,079"
2020-01-31,"35,857"
2020-02-01,"27,151"
2020-02-02,"22,384"
2020-02-03,"29,681"
2020-02-04,"23,006"
2020-02-05,"20,311"
2020-02-06,"22,401"
2020-02-07,"26,540"
2020-02-08,"22,046"
2020-02-09,"21,099"
2020-02-10,"33,956"
2020-02-11,"40,563"
2020-02-12,"10,698"
2020-02-13,"34,375"
2020-02-14,"41,229"
2020-02-15,"29,837"
2020-02-16,"6,798"
2020-02-17,"13,777"
2020-02-18,"19,773"
2020-02-19,"32,721"
2020-02-20,"36,027"
2020-02-21,"29,779"
2020-02-22,"18,290"
2020-02-23,"25,159"
2020-02-24,"36,094"
2020-02-25,"15,939"
2020-02-26,"35,773"
2020-02-27,"38,526"
2020-02-28,"12,644"
2020-02-29,"35,697"
2020-03-01,"24,431"
2020-03-02,"36,641"
2020-03-03,"39,447"
2020-03-04,"31,269"
2020-03-05,"35,851"
2020-03-06,"40,897"
2020-03-07,"42,379"
2020-03-08,"54,245"
2020-03-09,"53,020"
2020-03-10,"10,606"
2020-03-11,"45,245"
2020-03-12,"50,094"
2020-03-13,"43,554"
2020-03-14,"42,569"
2020-03-15,"33,215"
2020-03-16,"42,441"
2020-03-17,"47,241"
2020-03-18,"62,119"
2020-03-19,"24,256"
2020-03-20,"53,839"
2020-03-21,"63,759"
2020-03-22,"64,436"
2020-03-23,"63,686"
2020-03-24,"69,998"
2020-03-25,"73,460"
2020-03-26,"47,633"
2020-03-27,"60,183"
2020-03-28,"64,677"
2020-03-29,"68,430"
2020-03-30,"69,293"
2020-03-31,"74,621"
2020-04-01,"70,258"
2020-04-02,"72,129"
2020-04-03,"74,856"
2020-04-04,"66,405"
2020-04-05,"64,111"
2020-04-06,"68,414"
2020-04-07,"73,685"
2020-04-08,"72,863"
2020-04-09,"73,382"
2020-04-10,"75,021"
2020-04-11,"75,637"
2020-04-12,"63,335"
2020-04-13,"77,604"
2020-04-14,"83,798"
2020-04-15,"89,789"
2020-04-16,"83,970"
2020-04-17,"35,656"
2020-04-18,"92,829"
2020-04-19,"29,375"
2020-04-20,"56,129"
2020-04-21,"58,746"
2020-04-22,"51,337"
2020-04-23,"64,765"
2020-04-24,"72,883"
2020-04-25,"78,419"
2020-04-26,"82,600"
2020-04-27,"77,149"
2020-04-28,"86,541"
2020-04-29,"88,827"
2020-04-30,"96,877"
2020-05-01,"93,249"
2020-05-02,"88,508"
2020-05-03,"89,287"
2020-05-04,"93,579"
2020-05-05,"88,219"
2020-05-06,"88,561"
2020-05-07,"90,645"
2020-05-08,"63,474"
2020-05-09,"7,600"
2020-05-10,"65,932"
2020-05-11,"76,042"
2020-05-12,"78,200"
2020-05-13,"89,183"
2020-05-14,"89,149"
2020-05-15,"13,782"
2020-05-16,"64,549"
2020-05-17,"89,449"
2020-05-18,"36,761"
2020-05-19,"55,556"
2020-05-20,"88,257"
2020-05-21,"93,930"
2020-05-22,"89,317"
2020-05-23,"101,256"
2020-05-24,"80,357"
2020-05-25,"92,531"
2020-05-26,"68,498"
2020-05-27,"101,949"
2020-05-28,"99,792"
2020-05-29,"103,999"
2020-05-30,"105,172"
2020-05-31,"93,547"
2019-04-01,37660
2019-04-02,42029
2019-04-03,43257
2019-04-04,45681
2019-04-05,45643
2019-04-06,25902
2019-04-07,55943
2019-04-08,52643
2019-04-09,24734
2019-04-10,26421
2019-04-11,51013
2019-04-12,55125
2019-04-13,57020
2019-04-14,28467
2019-04-15,55422
2019-04-16,60566
2019-04-17,62522
2019-04-18,50439
2019-04-19,60925
2019-04-20,51068
2019-04-21,53339
2019-04-22,63995
2019-04-23,58811
2019-04-24,55815
2019-04-25,22471
2019-04-26,26484
2019-04-27,65124
2019-04-28,56012
2019-04-29,63256
2019-04-30,70213
2019-05-01,76439
2019-05-02,72430
2019-05-03,73647
2019-05-04,66392
2019-05-05,66911
2019-05-06,74806
2019-05-07,70506
2019-05-08,70426
2019-05-09,71707
2019-05-10,74960
2019-05-11,76110
2019-05-12,73318
2019-05-13,68389
2019-05-14,78385
2019-05-15,76969
2019-05-16,75399
2019-05-17,79158
2019-05-18,79583
2019-05-19,12749
2019-05-20,72066
2019-05-21,80599
2019-05-22,80735
2019-05-23,78504
2019-05-24,77190
2019-05-25,75791
2019-05-26,74327
2019-05-27,30670
2019-05-28,83654
2019-05-29,83496
2019-05-30,73814
2019-05-31,83765
2018-01-01,4950
2018-01-02,7136
2018-01-03,7156
2018-01-04,7102
2018-01-05,7705
2018-01-06,5681
2018-01-07,5220
2018-01-08,6309
2018-01-09,5988
2018-01-10,4476
2018-01-11,4337
2018-01-12,4401
2018-01-13,3756
2018-01-14,4675
2018-01-15,6993
2018-01-16,7421
2018-01-17,6990
2018-01-18,7054
2018-01-19,8329
2018-01-20,6148
2018-01-21,5574
2018-01-22,4929
2018-01-23,4263
2018-01-24,3370
2018-01-25,3307
2018-01-26,3116
2018-01-27,2833
2018-01-28,3028
2018-01-29,4425
2018-01-30,3591
2018-01-31,4104
2018-02-01,5821
2018-02-02,6557
2018-02-03,3499
2018-02-04,2642
2018-02-05,4213
2018-02-06,4257
2018-02-07,5028
2018-02-08,6114
2018-02-09,6905
2018-02-10,4829
2018-02-11,3047
2018-02-12,5231
2018-02-13,6863
2018-02-14,7477
2018-02-15,3935
2018-02-16,3047
2018-02-17,3494
2018-02-18,5191
2018-02-19,8563
2018-02-20,8899
2018-02-21,8342
2018-02-22,8580
2018-02-23,6408
2018-02-24,7198
2018-02-25,7595
2018-02-26,10712
2018-02-27,10064
2018-02-28,4230
2018-03-01,5761
2018-03-02,9388
2018-03-03,16029
2018-03-04,5373
2018-03-05,9943
2018-03-06,14028
2018-03-07,12925
2018-03-08,8812
2018-03-09,13573
2018-03-10,13324
2018-03-11,15136
2018-03-12,15913
2018-03-13,19514
2018-03-14,24911
2018-03-15,7091
2018-03-16,18415
2018-03-17,20165
2018-03-18,11740
2018-03-19,10297
2018-03-20,13205
2018-03-21,8225
2018-03-22,16420
2018-03-23,17904
2018-03-24,14914
2018-03-25,13942
2018-03-26,15505
2018-03-27,17456
2018-03-28,21232
2018-03-29,21436
2018-03-30,24411
2018-03-31,25673
2018-04-01,22994
2018-04-02,28139
2018-04-03,26817
2018-04-04,26034
2018-04-05,2833
2018-04-06,13297
2018-04-07,13088
2018-04-08,7758
2018-04-09,23925
2018-04-10,20423
2018-04-11,25557
2018-04-12,28885
2018-04-13,29497
2018-04-14,8216
2018-04-15,12721
2018-04-16,29589
2018-04-17,28236
2018-04-18,23499
2018-04-19,20400
2018-04-20,28351
2018-04-21,33144
2018-04-22,8095
2018-04-23,1037
2018-04-24,24560
2018-04-25,33728
2018-04-26,32547
2018-04-27,32989
2018-04-28,33738
2018-04-29,35159
2018-04-30,32629
2018-05-01,34593
2018-05-02,8374
2018-05-03,25963
2018-05-04,34058
2018-05-05,37389
2018-05-06,19809
2018-05-07,40026
2018-05-08,33738
2018-05-09,37851
2018-05-10,36549
2018-05-11,33923
2018-05-12,3551
2018-05-13,35668
2018-05-14,35918
2018-05-15,36476
2018-05-16,7072
2018-05-17,3802
2018-05-18,19629
2018-05-19,43471
2018-05-20,39036
2018-05-21,42039
2018-05-22,17444
2018-05-23,35975
2018-05-24,36858
2018-05-25,37569
2018-05-26,37761
2018-05-27,39534
2018-05-28,40775
2018-05-29,29925
2018-05-30,39214
2018-05-31,41619
2018-06-01,41970
2018-06-02,41677
2018-06-03,40565
2018-06-04,44014
2018-06-05,44118
2018-06-06,40440
2018-06-07,42038
2018-06-08,46516
2018-06-09,32839
2018-06-10,39277
2018-06-11,30605
2018-06-12,46201
2018-06-13,49116
2018-06-14,30511
2018-06-15,45103
2018-06-16,46457
2018-06-17,43484
2018-06-18,36316
2018-06-19,47296
2018-06-20,46612
2018-06-21,47762
2018-06-22,47478
2018-06-23,45663
2018-06-24,39548
2018-06-25,46565
2018-06-26,6391
2018-06-27,41128
2018-06-28,27757
2018-06-29,42765
2018-06-30,26911
2018-07-01,4358
2018-07-02,6261
2018-07-03,41350
2018-07-04,45741
2018-07-05,39804
2018-07-06,49521
2018-07-07,48015
2018-07-08,48132
2018-07-09,8155
2018-07-10,27956
2018-07-11,35390
2018-07-12,43611
2018-07-13,44976
2018-07-14,39205
2018-07-15,34957
2018-07-16,40964
2018-07-17,43323
2018-07-18,42609
2018-07-19,42316
2018-07-20,40337
2018-07-21,32360
2018-07-22,28250
2018-07-23,38003
2018-07-24,37486
2018-07-25,39225
2018-07-26,37796
2018-07-27,34985
2018-07-28,24649
2018-07-29,28317
2018-07-30,36701
2018-07-31,35262
2018-08-01,31169
2018-08-02,31321
2018-08-03,31646
2018-08-04,28174
2018-08-05,26989
2018-08-06,29113
2018-08-07,36983
2018-08-08,37140
2018-08-09,32216
2018-08-10,36178
2018-08-11,31293
2018-08-12,27363
2018-08-13,36076
2018-08-14,37659
2018-08-15,29270
2018-08-16,41358
2018-08-17,47634
2018-08-18,45629
2018-08-19,42281
2018-08-20,44243
2018-08-21,41964
2018-08-22,42425
2018-08-23,23616
2018-08-24,17319
2018-08-25,47109
2018-08-26,32200
2018-08-27,23382
2018-08-28,13495
2018-08-29,13001
2018-08-30,33158
2018-08-31,46101
2018-09-01,43847
2018-09-02,48427
2018-09-03,16086
2018-09-04,50500
2018-09-05,53984
2018-09-06,46532
2018-09-07,53230
2018-09-08,55470
2018-09-09,54213
2018-09-10,55188
2018-09-11,56212
2018-09-12,57363
2018-09-13,55791
2018-09-14,49383
2018-09-15,44808
2018-09-16,24317
2018-09-17,55335
2018-09-18,57691
2018-09-19,44096
2018-09-20,23616
2018-09-21,32242
2018-09-22,49688
2018-09-23,38635
2018-09-24,36406
2018-09-25,49595
2018-09-26,57730
2018-09-27,58200
2018-09-28,59649
2018-09-29,63866
2018-09-30,55893
2018-10-01,51808
2018-10-02,57280
2018-10-03,64671
2018-10-04,59413
2018-10-05,7772
2018-10-06,32510
2018-10-07,57873
2018-10-08,57247
2018-10-09,61525
2018-10-10,44876
2018-10-11,44489
2018-10-12,48529
2018-10-13,49203
2018-10-14,49025
2018-10-15,49503
2018-10-16,51236
2018-10-17,49795
2018-10-18,49560
2018-10-19,52122
2018-10-20,49815
2018-10-21,48346
2018-10-22,49889
2018-10-23,40223
2018-10-24,50343
2018-10-25,52181
2018-10-26,24308
2018-10-27,33699
2018-10-28,20882
2018-10-29,36107
2018-10-30,37382
2018-10-31,39009
2018-11-01,41911
2018-11-02,44917
2018-11-03,40640
2018-11-04,39973
2018-11-05,43870
2018-11-06,39680
2018-11-07,29492
2018-11-08,2730
2018-11-09,34673
2018-11-10,34194
2018-11-11,23926
2018-11-12,38706
2018-11-13,40263
2018-11-14,41973
2018-11-15,39702
2018-11-16,37629
2018-11-17,28167
2018-11-18,26464
2018-11-19,34352
2018-11-20,34855
2018-11-21,28140
2018-11-22,29239
2018-11-23,28620
2018-11-24,11255
2018-11-25,19946
2018-11-26,30698
2018-11-27,28806
2018-11-28,29177
2018-11-29,28977
2018-11-30,28557
2018-12-01,24622
2018-12-02,23035
2018-12-03,10638
2018-12-04,20029
2018-12-05,23535
2018-12-06,23788
2018-12-07,15148
2018-12-08,9824
2018-12-09,8749
2018-12-10,17987
2018-12-11,20805
2018-12-12,19339
2018-12-13,11765
2018-12-14,14932
2018-12-15,12720
2018-12-16,10783
2018-12-17,17449
2018-12-18,20917
2018-12-19,21970
2018-12-20,22881
2018-12-21,23422
2018-12-22,17127
2018-12-23,13601
2018-12-24,16579
2018-12-25,12437
2018-12-26,17112
2018-12-27,11325
2018-12-28,10445
2018-12-29,8083
2018-12-30,7864
2018-12-31,11911
2019-01-01,8601
2019-01-02,14360
2019-01-03,16344
2019-01-04,17308
2019-01-05,12380
2019-01-06,11094
2019-01-07,16795
2019-01-08,15833
2019-01-09,15819
2019-01-10,17894
2019-01-11,19271
2019-01-12,14519
2019-01-13,11751
2019-01-14,14818
2019-01-15,14761
2019-01-16,15823
2019-01-17,17960
2019-01-18,18901
2019-01-19,14883
2019-01-20,11191
2019-01-21,17240
2019-01-22,19885
2019-01-23,19163
2019-01-24,20057
2019-01-25,18159
2019-01-26,13203
2019-01-27,12440
2019-01-28,17317
2019-01-29,19477
2019-01-30,20677
2019-01-31,17649
2019-02-01,17696
2019-02-02,13742
2019-02-03,2010
2019-02-04,8562
2019-02-05,9119
2019-02-06,13694
2019-02-07,14533
2019-02-08,14782
2019-02-09,11760
2019-02-10,9759
2019-02-11,16881
2019-02-12,18862
2019-02-13,18411
2019-02-14,19376
2019-02-15,9213
2019-02-16,12641
2019-02-17,13390
2019-02-18,19916
2019-02-19,11689
2019-02-20,19572
2019-02-21,20995
2019-02-22,21727
2019-02-23,23742
2019-02-24,21933
2019-02-25,23445
2019-02-26,28010
2019-02-27,28652
2019-02-28,27431
2019-03-01,21751
2019-03-02,22503
2019-03-03,24382
2019-03-04,26887
2019-03-05,24042
2019-03-06,25379
2019-03-07,31156
2019-03-08,33073
2019-03-09,32421
2019-03-10,31050
2019-03-11,28539
2019-03-12,25537
2019-03-13,28653
2019-03-14,30997
2019-03-15,20481
2019-03-16,26057
2019-03-17,35622
2019-03-18,36313
2019-03-19,39908
2019-03-20,16204
2019-03-21,26455
2019-03-22,32363
2019-03-23,21696
2019-03-24,31622
2019-03-25,34226
2019-03-26,42644
2019-03-27,35832
2019-03-28,38806
2019-03-29,43893
2019-03-30,14001
2019-03-31,22326
2019-04-01,37660
2019-04-02,42029
2019-04-03,43257
2019-04-04,45681
2019-04-05,45643
2019-04-06,25902
2019-04-07,55943
2019-04-08,52643
2019-04-09,24734
2019-04-10,26421
2019-04-11,51013
2019-04-12,55125
2019-04-13,57020
2019-04-14,28467
2019-04-15,55422
2019-04-16,60566
2019-04-17,62522
2019-04-18,50439
2019-04-19,60925
2019-04-20,51068
2019-04-21,53339
2019-04-22,63995
2019-04-23,58811
2019-04-24,55815
2019-04-25,22471
2019-04-26,26484
2019-04-27,65124
2019-04-28,56012
2019-04-29,63256
2019-04-30,70213
2019-05-01,76439
2019-05-02,72430
2019-05-03,73647
2019-05-04,66392
2019-05-05,66911
2019-05-06,74806
2019-05-07,70506
2019-05-08,70426
2019-05-09,71707
2019-05-10,74960
2019-05-11,76110
2019-05-12,73318
2019-05-13,68389
2019-05-14,78385
2019-05-15,76969
2019-05-16,75399
2019-05-17,79158
2019-05-18,79583
2019-05-19,12749
2019-05-20,72066
2019-05-21,80599
2019-05-22,80735
2019-05-23,78504
2019-05-24,77190
2019-05-25,75791
2019-05-26,74327
2019-05-27,30670
2019-05-28,83654
2019-05-29,83496
2019-05-30,73814
2019-05-31,83765
2017-01-01,2307
2017-01-02,3796
2017-01-03,4049
2017-01-04,4646
2017-01-05,4500
2017-01-06,4944
2017-01-07,3872
2017-01-08,3568
2017-01-09,4228
2017-01-10,3516
2017-01-11,3522
2017-01-12,3399
2017-01-13,2525
2017-01-14,1419
2017-01-15,1465
2017-01-16,3279
2017-01-17,3572
2017-01-18,3685
2017-01-19,3633
2017-01-20,1335
2017-01-21,936
2017-01-22,705
2017-01-23,1739
2017-01-24,2143
2017-01-25,2506
2017-01-26,2702
2017-01-27,1154
2017-01-28,1198
2017-01-29,496
2017-01-30,1047
2017-01-31,2263
2017-02-01,2776
2017-02-02,3020
2017-02-03,3578
2017-02-04,2631
2017-02-05,1348
2017-02-06,3135
2017-02-07,1033
2017-02-08,2564
2017-02-09,2786
2017-02-10,2366
2017-02-11,1839
2017-02-12,2192
2017-02-13,3613
2017-02-14,3746
2017-02-15,4214
2017-02-16,4310
2017-02-17,3344
2017-02-18,2482
2017-02-19,1672
2017-02-20,2941
2017-02-21,3855
2017-02-22,1672
2017-02-23,3330
2017-02-24,3591
2017-02-25,3480
2017-02-26,3802
2017-02-27,4919
2017-02-28,5513
2017-03-01,3182
2017-03-02,4214
2017-03-03,5161
2017-03-04,6112
2017-03-05,4573
2017-03-06,4201
2017-03-07,3921
2017-03-08,4096
2017-03-09,4767
2017-03-10,5776
2017-03-11,7270
2017-03-12,5078
2017-03-13,6277
2017-03-14,6300
2017-03-15,6468
2017-03-16,6566
2017-03-17,5258
2017-03-18,7583
2017-03-19,8118
2017-03-20,6723
2017-03-21,6735
2017-03-22,7577
2017-03-23,7657
2017-03-24,7736
2017-03-25,6677
2017-03-26,6400
2017-03-27,5706
2017-03-28,7121
2017-03-29,8323
2017-03-30,8612
2017-03-31,4579
2017-04-01,7173
2017-04-02,9254
2017-04-03,9274
2017-04-04,10155
2017-04-05,1877
2017-04-06,6257
2017-04-07,11361
2017-04-08,10632
2017-04-09,10909
2017-04-10,12933
2017-04-11,11615
2017-04-12,10244
2017-04-13,10510
2017-04-14,6671
2017-04-15,12422
2017-04-16,13145
2017-04-17,7205
2017-04-18,7513
2017-04-19,11360
2017-04-20,10198
2017-04-21,11487
2017-04-22,13132
2017-04-23,13131
2017-04-24,12650
2017-04-25,11825
2017-04-26,12950
2017-04-27,12424
2017-04-28,12970
2017-04-29,14312
2017-04-30,13592
2017-05-01,14168
2017-05-02,13490
2017-05-03,16305
2017-05-04,15316
2017-05-05,15488
2017-05-06,7484
2017-05-07,9528
2017-05-08,11092
2017-05-09,6778
2017-05-10,12102
2017-05-11,13612
2017-05-12,12841
2017-05-13,8333
2017-05-14,15272
2017-05-15,14115
2017-05-16,15270
2017-05-17,15502
2017-05-18,15977
2017-05-19,15877
2017-05-20,16654
2017-05-21,17757
2017-05-22,17070
2017-05-23,10174
2017-05-24,17115
2017-05-25,16387
2017-05-26,17966
2017-05-27,18286
2017-05-28,18005
2017-05-29,17619
2017-05-30,17703
2017-05-31,17937
2017-06-01,17693
2017-06-02,11994
2017-06-03,19353
2017-06-04,19225
2017-06-05,19443
2017-06-06,7604
2017-06-07,8644
2017-06-08,18859
2017-06-09,18356
2017-06-10,19865
2017-06-11,19524
2017-06-12,19588
2017-06-13,19196
2017-06-14,19692
2017-06-15,19520
2017-06-16,19954
2017-06-17,19353
2017-06-18,18441
2017-06-19,20591
2017-06-20,19798
2017-06-21,21198
2017-06-22,21526
2017-06-23,20590
2017-06-24,11639
2017-06-25,12602
2017-06-26,10458
2017-06-27,19419
2017-06-28,21105
2017-06-29,20856
2017-06-30,20619
2017-07-01,13859
2017-07-02,3885
2017-07-03,10190
2017-07-04,18347
2017-07-05,5222
2017-07-06,9
2017-07-07,3245
2017-07-08,9610
2017-07-09,6475
2017-07-10,1199
2017-07-11,16142
2017-07-12,18529
2017-07-13,18236
2017-07-14,17158
2017-07-15,5399
2017-07-16,13269
2017-07-17,16632
2017-07-18,16138
2017-07-19,18383
2017-07-20,17612
2017-07-21,16815
2017-07-22,10712
2017-07-23,8298
2017-07-24,14039
2017-07-25,17854
2017-07-26,19010
2017-07-27,16732
2017-07-28,10194
2017-07-29,17140
2017-07-30,16187
2017-07-31,12144
2017-08-01,18392
2017-08-02,17672
2017-08-03,18168
2017-08-04,17444
2017-08-05,13103
2017-08-06,12510
2017-08-07,18359
2017-08-08,20578
2017-08-09,19509
2017-08-10,6701
2017-08-11,17577
2017-08-12,18542
2017-08-13,18907
2017-08-14,12150
2017-08-15,2457
2017-08-16,17325
2017-08-17,18670
2017-08-18,20851
2017-08-19,18744
2017-08-20,1961
2017-08-21,18669
2017-08-22,22687
2017-08-23,11579
2017-08-24,13694
2017-08-25,22969
2017-08-26,24671
2017-08-27,22419
2017-08-28,11869
2017-08-29,27653
2017-08-30,27229
2017-08-31,27500
2017-09-01,28644
2017-09-02,29162
2017-09-03,28741
2017-09-04,28588
2017-09-05,26894
2017-09-06,14412
2017-09-07,29280
2017-09-08,29439
2017-09-09,28899
2017-09-10,22813
2017-09-11,21210
2017-09-12,29705
2017-09-13,31250
2017-09-14,31115
2017-09-15,32381
2017-09-16,34104
2017-09-17,33587
2017-09-18,32918
2017-09-19,23220
2017-09-20,34011
2017-09-21,33109
2017-09-22,34114
2017-09-23,33524
2017-09-24,30320
2017-09-25,32636
2017-09-26,30093
2017-09-27,28175
2017-09-28,31462
2017-09-29,32872
2017-09-30,33195
2017-10-01,10634
2017-10-02,28247
2017-10-03,22250
2017-10-04,19575
2017-10-05,26463
2017-10-06,22853
2017-10-07,35917
2017-10-08,37200
2017-10-09,39072
2017-10-10,27441
2017-10-11,19431
2017-10-12,25816
2017-10-13,28651
2017-10-14,30106
2017-10-15,31435
2017-10-16,30232
2017-10-17,31232
2017-10-18,23880
2017-10-19,32008
2017-10-20,32250
2017-10-21,33126
2017-10-22,28657
2017-10-23,29072
2017-10-24,29702
2017-10-25,29915
2017-10-26,29239
2017-10-27,31474
2017-10-28,30249
2017-10-29,20310
2017-10-30,21550
2017-10-31,25117
2017-11-01,27319
2017-11-02,25335
2017-11-03,19578
2017-11-04,18341
2017-11-05,19098
2017-11-06,25218
2017-11-07,27262
2017-11-08,24021
2017-11-09,24375
2017-11-10,15896
2017-11-11,15692
2017-11-12,15033
2017-11-13,16595
2017-11-14,19222
2017-11-15,16133
2017-11-16,15150
2017-11-17,13977
2017-11-18,8228
2017-11-19,7232
2017-11-20,12553
2017-11-21,14286
2017-11-22,13151
2017-11-23,12915
2017-11-24,10776
2017-11-25,4350
2017-11-26,8294
2017-11-27,13798
2017-11-28,14962
2017-11-29,12959
2017-11-30,10869
2017-12-01,10558
2017-12-02,9234
2017-12-03,7811
2017-12-04,9731
2017-12-05,9209
2017-12-06,7243
2017-12-07,9364
2017-12-08,8836
2017-12-09,7784
2017-12-10,3681
2017-12-11,6306
2017-12-12,5948
2017-12-13,6499
2017-12-14,6922
2017-12-15,7869
2017-12-16,4885
2017-12-17,3944
2017-12-18,2767
2017-12-19,4583
2017-12-20,4857
2017-12-21,6142
2017-12-22,7797
2017-12-23,7156
2017-12-24,2174
2017-12-25,4186
2017-12-26,6003
2017-12-27,5740
2017-12-28,7073
2017-12-29,8263
2017-12-30,4242
2017-12-31,3629
2016-01-01,523
2016-01-02,750
2016-01-03,679
2016-01-04,841
2016-01-05,789
2016-01-06,787
2016-01-07,772
2016-01-08,717
2016-01-09,478
2016-01-10,545
2016-01-11,735
2016-01-12,681
2016-01-13,594
2016-01-14,600
2016-01-15,761
2016-01-16,516
2016-01-17,587
2016-01-18,487
2016-01-19,339
2016-01-20,445
2016-01-21,529
2016-01-22,540
2016-01-23,242
2016-01-24,137
2016-01-25,448
2016-01-26,479
2016-01-27,717
2016-01-28,776
2016-01-29,742
2016-01-30,630
2016-01-31,343
2016-02-01,581
2016-02-02,587
2016-02-03,689
2016-02-04,731
2016-02-05,629
2016-02-06,378
2016-02-07,250
2016-02-08,222
2016-02-09,426
2016-02-10,805
2016-02-11,1020
2016-02-12,203
2016-02-13,318
2016-02-14,252
2016-02-15,509
2016-02-16,521
2016-02-17,787
2016-02-18,855
2016-02-19,895
2016-02-20,657
2016-02-21,569
2016-02-22,843
2016-02-23,761
2016-02-24,721
2016-02-25,836
2016-02-26,954
2016-02-27,855
2016-02-28,318
2016-02-29,476
2016-03-01,580
2016-03-02,933
2016-03-03,1314
2016-03-04,1904
2016-03-05,243
2016-03-06,1829
2016-03-07,1220
2016-03-08,1031
2016-03-09,960
2016-03-10,911
2016-03-11,964
2016-03-12,818
2016-03-13,832
2016-03-14,1283
2016-03-15,1471
2016-03-16,1625
2016-03-17,1692
2016-03-18,2330
2016-03-19,3113
2016-03-20,3183
2016-03-21,2080
2016-03-22,2061
2016-03-23,1927
2016-03-24,1940
2016-03-25,1961
2016-03-26,2204
2016-03-27,2384
2016-03-28,2283
2016-03-29,1653
2016-03-30,2311
2016-03-31,2632
2016-04-01,3391
2016-04-02,4226
2016-04-03,777
2016-04-04,3372
2016-04-05,3166
2016-04-06,3171
2016-04-07,2616
2016-04-08,3055
2016-04-09,2551
2016-04-10,2743
2016-04-11,3238
2016-04-12,2952
2016-04-13,3797
2016-04-14,2618
2016-04-15,3229
2016-04-16,987
2016-04-17,1837
2016-04-18,1771
2016-04-19,2860
2016-04-20,1759
2016-04-21,1613
2016-04-22,2496
2016-04-23,2163
2016-04-24,2982
2016-04-25,2958
2016-04-26,3309
2016-04-27,2909
2016-04-28,3279
2016-04-29,3515
2016-04-30,2671
2016-05-01,4043
2016-05-02,1737
2016-05-03,301
2016-05-04,2785
2016-05-05,4145
2016-05-06,808
2016-05-07,3530
2016-05-08,3289
2016-05-09,3194
2016-05-10,1241
2016-05-11,3327
2016-05-12,3460
2016-05-13,3751
2016-05-14,4533
2016-05-15,1059
2016-05-16,3195
2016-05-17,3621
2016-05-18,3605
2016-05-19,3355
2016-05-20,3587
2016-05-21,3611
2016-05-22,3311
2016-05-23,3353
2016-05-24,2075
2016-05-25,3595
2016-05-26,3202
2016-05-27,3597
2016-05-28,3690
2016-05-29,3700
2016-05-30,3343
2016-05-31,3541
2016-06-01,3802
2016-06-02,3766
2016-06-03,3967
2016-06-04,3713
2016-06-05,3534
2016-06-06,3820
2016-06-07,3499
2016-06-08,3805
2016-06-09,3731
2016-06-10,3539
2016-06-11,2673
2016-06-12,3095
2016-06-13,3839
2016-06-14,3497
2016-06-15,993
2016-06-16,3674
2016-06-17,3760
2016-06-18,3632
2016-06-19,3576
2016-06-20,3962
2016-06-21,3908
2016-06-22,2596
2016-06-23,3884
2016-06-24,2960
2016-06-25,4107
2016-06-26,3982
2016-06-27,4333
2016-06-28,4296
2016-06-29,4373
2016-06-30,3151
2016-07-01,1171
2016-07-02,3427
2016-07-03,3801
2016-07-04,1195
2016-07-05,386
2016-07-06,3597
2016-07-07,3897
2016-07-08,3985
2016-07-09,3179
2016-07-10,3017
2016-07-11,3347
2016-07-12,3593
2016-07-13,4353
2016-07-14,4489
2016-07-15,3463
2016-07-16,332
2016-07-17,3802
2016-07-18,5485
2016-07-19,5434
2016-07-20,5214
2016-07-21,5431
2016-07-22,5577
2016-07-23,3986
2016-07-24,4285
2016-07-25,6181
2016-07-26,6615
2016-07-27,5119
2016-07-28,6404
2016-07-29,3684
2016-07-30,5156
2016-07-31,4946
2016-08-01,6709
2016-08-02,5217
2016-08-03,6920
2016-08-04,6188
2016-08-05,6046
2016-08-06,4895
2016-08-07,4940
2016-08-08,6451
2016-08-09,5582
2016-08-10,6869
2016-08-11,6507
2016-08-12,6526
2016-08-13,5159
2016-08-14,4992
2016-08-15,5933
2016-08-16,6947
2016-08-17,6897
2016-08-18,6963
2016-08-19,6595
2016-08-20,5938
2016-08-21,5738
2016-08-22,6788
2016-08-23,6164
2016-08-24,7487
2016-08-25,5382
2016-08-26,9242
2016-08-27,10424
2016-08-28,7850
2016-08-29,10671
2016-08-30,9222
2016-08-31,2886
2016-09-01,9130
2016-09-02,9869
2016-09-03,10570
2016-09-04,10763
2016-09-05,10230
2016-09-06,9992
2016-09-07,9234
2016-09-08,7982
2016-09-09,10062
2016-09-10,11013
2016-09-11,11189
2016-09-12,9998
2016-09-13,10080
2016-09-14,7452
2016-09-15,7072
2016-09-16,9939
2016-09-17,11530
2016-09-18,13060
2016-09-19,11489
2016-09-20,11681
2016-09-21,11383
2016-09-22,11833
2016-09-23,12392
2016-09-24,13485
2016-09-25,12846
2016-09-26,12126
2016-09-27,3359
2016-09-28,10650
2016-09-29,12026
2016-09-30,12361
2016-10-01,13611
2016-10-02,2603
2016-10-03,14107
2016-10-04,12748
2016-10-05,12253
2016-10-06,12420
2016-10-07,7429
2016-10-08,11122
2016-10-09,9766
2016-10-10,10767
2016-10-11,11432
2016-10-12,11290
2016-10-13,11386
2016-10-14,11676
2016-10-15,11458
2016-10-16,4609
2016-10-17,11627
2016-10-18,11769
2016-10-19,11734
2016-10-20,11862
2016-10-21,12064
2016-10-22,11586
2016-10-23,3732
2016-10-24,11026
2016-10-25,6404
2016-10-26,9912
2016-10-27,10805
2016-10-28,9526
2016-10-29,6189
2016-10-30,6521
2016-10-31,5250
2016-11-01,5881
2016-11-02,5727
2016-11-03,7704
2016-11-04,8298
2016-11-05,8066
2016-11-06,7591
2016-11-07,5220
2016-11-08,5593
2016-11-09,5684
2016-11-10,5677
2016-11-11,6851
2016-11-12,7484
2016-11-13,7200
2016-11-14,5033
2016-11-15,6524
2016-11-16,6866
2016-11-17,7381
2016-11-18,6254
2016-11-19,6606
2016-11-20,6531
2016-11-21,7198
2016-11-22,5060
2016-11-23,4414
2016-11-24,4243
2016-11-25,4941
2016-11-26,2077
2016-11-27,2804
2016-11-28,4596
2016-11-29,4955
2016-11-30,4621
2016-12-01,4834
2016-12-02,5040
2016-12-03,4498
2016-12-04,3782
2016-12-05,4716
2016-12-06,4258
2016-12-07,4627
2016-12-08,3821
2016-12-09,4008
2016-12-10,2852
2016-12-11,2546
2016-12-12,4521
2016-12-13,4725
2016-12-14,3736
2016-12-15,3320
2016-12-16,3255
2016-12-17,3208
2016-12-18,3039
2016-12-19,4746
2016-12-20,5439
2016-12-21,2614
2016-12-22,959
2016-12-23,3223
2016-12-24,2202
2016-12-25,2123
2016-12-26,3506
2016-12-27,3234
2016-12-28,3158
2016-12-29,2447
2016-12-30,2977
2016-12-31,2391
2015-09-19,724
2015-09-20,907
2015-09-21,553
2015-09-22,796
2015-09-23,804
2015-09-24,914
2015-09-25,1022
2015-09-26,838
2015-09-27,706
2015-09-28,1382
2015-09-29,1870
2015-09-30,1087
2015-10-01,240
2015-10-02,1138
2015-10-03,32
2015-10-04,126
2015-10-05,204
2015-10-06,917
2015-10-07,923
2015-10-08,1106
2015-10-09,1504
2015-10-10,625
2015-10-11,467
2015-10-12,849
2015-10-13,882
2015-10-14,589
2015-10-15,1189
2015-10-16,1593
2015-10-17,2352
2015-10-18,2369
2015-10-19,1758
2015-10-20,1977
2015-10-21,2003
2015-10-22,2135
2015-10-23,2123
2015-10-24,2379
2015-10-25,2824
2015-10-26,1359
2015-10-27,1387
2015-10-28,1919
2015-10-29,1394
2015-10-30,1298
2015-10-31,1354
2015-11-01,1378
2015-11-02,1853
2015-11-03,2131
2015-11-04,2092
2015-11-05,2195
2015-11-06,1413
2015-11-07,64
2015-11-08,210
2015-11-09,1328
2015-11-10,1927
2015-11-11,2100
2015-11-12,2271
2015-11-13,431
2015-11-14,487
2015-11-15,1994
2015-11-16,753
2015-11-17,2111
2015-11-18,671
2015-11-19,1588
2015-11-20,1769
2015-11-21,1689
2015-11-22,1170
2015-11-23,1240
2015-11-24,1399
2015-11-25,429
2015-11-26,804
2015-11-27,797
2015-11-28,553
2015-11-29,236
2015-11-30,1042
2015-12-01,1161
2015-12-02,497
2015-12-03,412
2015-12-04,828
2015-12-05,647
2015-12-06,594
2015-12-07,981
2015-12-08,1063
2015-12-09,1157
2015-12-10,797
2015-12-11,1139
2015-12-12,908
2015-12-13,917
2015-12-14,526
2015-12-15,939
2015-12-16,760
2015-12-17,683
2015-12-18,711
2015-12-19,590
2015-12-20,626
2015-12-21,601
2015-12-22,983
2015-12-23,873
2015-12-24,779
2015-12-25,472
2015-12-26,452
2015-12-27,346
2015-12-28,596
2015-12-29,681
2015-12-30,572
2015-12-31,674
